{
  "project_info": {
    "project_number": "145978428378",
    "firebase_url": "https://safespot-2d384.firebaseio.com",
    "project_id": "safespot-2d384",
    "storage_bucket": "safespot-2d384.appspot.com"
  },
  "client": [
    {
      "client_info": {
        "mobilesdk_app_id": "1:145978428378:android:e210f08fba2c980501cee3",
        "android_client_info": {
          "package_name": "com.example.shiva.try1"
        }
      },
      "oauth_client": [
        {
          "client_id": "145978428378-e5n98g57v24regabem96qlshtjdgqcgm.apps.googleusercontent.com",
          "client_type": 1,
          "android_info": {
            "package_name": "com.example.shiva.try1",
            "certificate_hash": "1e47bb5f74df1e25c4d4eee8f29fa588f35a4605"
          }
        },
        {
          "client_id": "145978428378-0v2tbk4mcivrr0m0b1vuq4c1m2pcmkm6.apps.googleusercontent.com",
          "client_type": 3
        }
      ],
      "api_key": [
        {
          "current_key": "AIzaSyDSQd-JOh9FlXPPaxadqXX-G4bOvJZFffE"
        }
      ],
      "services": {
        "appinvite_service": {
          "other_platform_oauth_client": [
            {
              "client_id": "145978428378-0v2tbk4mcivrr0m0b1vuq4c1m2pcmkm6.apps.googleusercontent.com",
              "client_type": 3
            }
          ]
        }
      }
    }
  ],
  "configuration_version": "1"
}